<?xml version="1.0" encoding="utf-8"?>
<Feature xmlns="http://schemas.microsoft.com/sharepoint/" ActivateOnDefault="FALSE" AlwaysForceInstall="TRUE" Id="cd4d4869-0c24-487e-961f-2afb0df92580" ReceiverAssembly="BrightcoveVideoCloudIntegration, Version=1.0.0.0, Culture=neutral, PublicKeyToken=6a792aa6dfad51a4" ReceiverClass="BrightcoveVideoCloudIntegration.Features.Demo.DemoEventReceiver" Scope="Web" Title="Brightcove Video Cloud Integration Demo">
  <ElementManifests>
    <ElementManifest Location="Demo\Elements.xml" />
    <ElementFile Location="Demo\VideoEditor.aspx" />
    <ElementFile Location="Demo\style1.css" />
    <ElementFile Location="Demo\SearchResults.aspx" />
    <ElementFile Location="Demo\VideoPlayer.aspx" />
    <ElementFile Location="Demo\VideoPlaylist.aspx" />
    <ElementFile Location="Demo\VideoUpload.aspx" />
    <ElementFile Location="Demo\Articles.aspx" />
    <ElementFile Location="Demo\Default.aspx" />
    <ElementFile Location="Demo\images\arrow.png" />
    <ElementFile Location="Demo\images\arrow48px.png" />
    <ElementFile Location="Demo\images\arrow60px.png" />
    <ElementFile Location="Demo\images\articles.png" />
    <ElementFile Location="Demo\images\brightcove-0.jpg" />
    <ElementFile Location="Demo\images\btn-homepage-blue.png" />
    <ElementFile Location="Demo\images\playlist.png" />
    <ElementFile Location="Demo\images\search.png" />
    <ElementFile Location="Demo\images\tertiary-nav-hover.gif" />
    <ElementFile Location="Demo\images\upload.png" />
    <ElementFile Location="Demo\images\Brightcove_3DShapes.png" />
    <ElementFile Location="Demo\images\features-frame-bg.jpg" />
    <ElementFile Location="Demo\images\brightcove_secondary_3dshapes.png" />
    <ElementFile Location="Demo\images\calendar.gif" />
    <ElementFile Location="Demo\images\ribbonBG.jpg" />
    <ElementFile Location="Demo\images\secondary-column-bg.gif" />
    <ElementFile Location="Demo\themes\base\jquery.ui.all.css" />
    <ElementFile Location="Demo\themes\base\jquery.ui.base.css" />
    <ElementFile Location="Demo\themes\base\jquery.ui.core.css" />
    <ElementFile Location="Demo\themes\base\jquery.ui.datepicker.css" />
    <ElementFile Location="Demo\themes\base\jquery.ui.theme.css" />
    <ElementFile Location="Demo\themes\ui-lightness\jquery-ui-1.8.16.custom.css" />
    <ElementFile Location="Demo\themes\ui-lightness\jquery.ui.all.css" />
    <ElementFile Location="Demo\themes\ui-lightness\jquery.ui.base.css" />
    <ElementFile Location="Demo\themes\ui-lightness\jquery.ui.core.css" />
    <ElementFile Location="Demo\themes\ui-lightness\jquery.ui.datepicker.css" />
    <ElementFile Location="Demo\themes\ui-lightness\jquery.ui.theme.css" />
    <ElementFile Location="Demo\ui\jquery-ui-1.8.16.custom.js" />
    <ElementFile Location="Demo\ui\jquery.ui.core.js" />
    <ElementFile Location="Demo\ui\jquery.ui.datepicker.js" />
    <ElementFile Location="Demo\ui\i18n\jquery-ui-i18n.js" />
    <ElementFile Location="Demo\ui\i18n\jquery.ui.datepicker-af.js" />
    <ElementFile Location="Demo\ui\i18n\jquery.ui.datepicker-ar-DZ.js" />
    <ElementFile Location="Demo\ui\i18n\jquery.ui.datepicker-ar.js" />
    <ElementFile Location="Demo\ui\i18n\jquery.ui.datepicker-az.js" />
    <ElementFile Location="Demo\ui\i18n\jquery.ui.datepicker-bg.js" />
    <ElementFile Location="Demo\ui\i18n\jquery.ui.datepicker-bs.js" />
    <ElementFile Location="Demo\ui\i18n\jquery.ui.datepicker-ca.js" />
    <ElementFile Location="Demo\ui\i18n\jquery.ui.datepicker-cs.js" />
    <ElementFile Location="Demo\ui\i18n\jquery.ui.datepicker-da.js" />
    <ElementFile Location="Demo\ui\i18n\jquery.ui.datepicker-de.js" />
    <ElementFile Location="Demo\ui\i18n\jquery.ui.datepicker-el.js" />
    <ElementFile Location="Demo\ui\i18n\jquery.ui.datepicker-en-AU.js" />
    <ElementFile Location="Demo\ui\i18n\jquery.ui.datepicker-en-GB.js" />
    <ElementFile Location="Demo\ui\i18n\jquery.ui.datepicker-en-NZ.js" />
    <ElementFile Location="Demo\ui\i18n\jquery.ui.datepicker-eo.js" />
    <ElementFile Location="Demo\ui\i18n\jquery.ui.datepicker-es.js" />
    <ElementFile Location="Demo\ui\i18n\jquery.ui.datepicker-et.js" />
    <ElementFile Location="Demo\ui\i18n\jquery.ui.datepicker-eu.js" />
    <ElementFile Location="Demo\ui\i18n\jquery.ui.datepicker-fa.js" />
    <ElementFile Location="Demo\ui\i18n\jquery.ui.datepicker-fi.js" />
    <ElementFile Location="Demo\ui\i18n\jquery.ui.datepicker-fo.js" />
    <ElementFile Location="Demo\ui\i18n\jquery.ui.datepicker-fr-CH.js" />
    <ElementFile Location="Demo\ui\i18n\jquery.ui.datepicker-fr.js" />
    <ElementFile Location="Demo\ui\i18n\jquery.ui.datepicker-gl.js" />
    <ElementFile Location="Demo\ui\i18n\jquery.ui.datepicker-he.js" />
    <ElementFile Location="Demo\ui\i18n\jquery.ui.datepicker-hr.js" />
    <ElementFile Location="Demo\ui\i18n\jquery.ui.datepicker-hu.js" />
    <ElementFile Location="Demo\ui\i18n\jquery.ui.datepicker-hy.js" />
    <ElementFile Location="Demo\ui\i18n\jquery.ui.datepicker-id.js" />
    <ElementFile Location="Demo\ui\i18n\jquery.ui.datepicker-is.js" />
    <ElementFile Location="Demo\ui\i18n\jquery.ui.datepicker-it.js" />
    <ElementFile Location="Demo\ui\i18n\jquery.ui.datepicker-ja.js" />
    <ElementFile Location="Demo\ui\i18n\jquery.ui.datepicker-ko.js" />
    <ElementFile Location="Demo\ui\i18n\jquery.ui.datepicker-kz.js" />
    <ElementFile Location="Demo\ui\i18n\jquery.ui.datepicker-lt.js" />
    <ElementFile Location="Demo\ui\i18n\jquery.ui.datepicker-lv.js" />
    <ElementFile Location="Demo\ui\i18n\jquery.ui.datepicker-ml.js" />
    <ElementFile Location="Demo\ui\i18n\jquery.ui.datepicker-ms.js" />
    <ElementFile Location="Demo\ui\i18n\jquery.ui.datepicker-nl.js" />
    <ElementFile Location="Demo\ui\i18n\jquery.ui.datepicker-no.js" />
    <ElementFile Location="Demo\ui\i18n\jquery.ui.datepicker-pl.js" />
    <ElementFile Location="Demo\ui\i18n\jquery.ui.datepicker-pt-BR.js" />
    <ElementFile Location="Demo\ui\i18n\jquery.ui.datepicker-pt.js" />
    <ElementFile Location="Demo\ui\i18n\jquery.ui.datepicker-rm.js" />
    <ElementFile Location="Demo\ui\i18n\jquery.ui.datepicker-ro.js" />
    <ElementFile Location="Demo\ui\i18n\jquery.ui.datepicker-ru.js" />
    <ElementFile Location="Demo\ui\i18n\jquery.ui.datepicker-sk.js" />
    <ElementFile Location="Demo\ui\i18n\jquery.ui.datepicker-sl.js" />
    <ElementFile Location="Demo\ui\i18n\jquery.ui.datepicker-sq.js" />
    <ElementFile Location="Demo\ui\i18n\jquery.ui.datepicker-sr-SR.js" />
    <ElementFile Location="Demo\ui\i18n\jquery.ui.datepicker-sr.js" />
    <ElementFile Location="Demo\ui\i18n\jquery.ui.datepicker-sv.js" />
    <ElementFile Location="Demo\ui\i18n\jquery.ui.datepicker-ta.js" />
    <ElementFile Location="Demo\ui\i18n\jquery.ui.datepicker-th.js" />
    <ElementFile Location="Demo\ui\i18n\jquery.ui.datepicker-tj.js" />
    <ElementFile Location="Demo\ui\i18n\jquery.ui.datepicker-tr.js" />
    <ElementFile Location="Demo\ui\i18n\jquery.ui.datepicker-uk.js" />
    <ElementFile Location="Demo\ui\i18n\jquery.ui.datepicker-vi.js" />
    <ElementFile Location="Demo\ui\i18n\jquery.ui.datepicker-zh-CN.js" />
    <ElementFile Location="Demo\ui\i18n\jquery.ui.datepicker-zh-HK.js" />
    <ElementFile Location="Demo\ui\i18n\jquery.ui.datepicker-zh-TW.js" />
    <ElementFile Location="Demo\ui\minified\jquery.ui.core.min.js" />
    <ElementFile Location="Demo\ui\minified\jquery.ui.datepicker.min.js" />
    <ElementFile Location="Demo\PlaylistEditor.aspx" />
    <ElementFile Location="Demo\PlaylistPlayer.aspx" />
    <ElementFile Location="Demo\images\calendar_icon.jpg" />
  </ElementManifests>
</Feature>
