<?xml version="1.0" encoding="utf-8"?>
<Elements xmlns="http://schemas.microsoft.com/sharepoint/">
  <Module Name="Demo" Url="Demo" Path="">
    <File Path="Demo\style1.css" Type="GhostableInLibrary" IgnoreIfAlreadyExists="true" Url="style1.css" />
    <File Path="Demo\SearchResults.aspx" Type="GhostableInLibrary" IgnoreIfAlreadyExists="true" Url="SearchResults.aspx" />
    <File Path="Demo\VideoEditor.aspx" Type="GhostableInLibrary" IgnoreIfAlreadyExists="true" Url="VideoEditor.aspx" />
    <File Path="Demo\VideoPlayer.aspx" Type="GhostableInLibrary" IgnoreIfAlreadyExists="true" Url="VideoPlayer.aspx" />
    <File Path="Demo\VideoPlaylist.aspx" Type="GhostableInLibrary" IgnoreIfAlreadyExists="true" Url="VideoPlaylist.aspx" />
    <File Path="Demo\VideoUpload.aspx" Type="GhostableInLibrary" IgnoreIfAlreadyExists="true" Url="VideoUpload.aspx" />
    <File Path="Demo\Articles.aspx" Type="GhostableInLibrary" Url="Articles.aspx" />
    <File Path="Demo\Default.aspx" Type="GhostableInLibrary" IgnoreIfAlreadyExists="true" Url="Default.aspx" />
    <File Path="Demo\PlaylistEditor.aspx" Type="GhostableInLibrary" IgnoreIfAlreadyExists="true" Url="PlaylistEditor.aspx" />
    <File Path="Demo\PlaylistPlayer.aspx" Type="GhostableInLibrary" IgnoreIfAlreadyExists="true" Url="PlaylistPlayer.aspx" />
    <File Path="Demo\images\arrow.png" Type="GhostableInLibrary" IgnoreIfAlreadyExists="true" Url="images/arrow.png" />
    <File Path="Demo\images\arrow48px.png" Type="GhostableInLibrary" IgnoreIfAlreadyExists="true" Url="images/arrow48px.png" />
    <File Path="Demo\images\arrow60px.png" Type="GhostableInLibrary" IgnoreIfAlreadyExists="true" Url="images/arrow60px.png" />
    <File Path="Demo\images\articles.png" Type="GhostableInLibrary" IgnoreIfAlreadyExists="true" Url="images/articles.png" />
    <File Path="Demo\images\brightcove-0.jpg" Type="GhostableInLibrary" IgnoreIfAlreadyExists="true" Url="images/brightcove-0.jpg" />
    <File Path="Demo\images\btn-homepage-blue.png" Type="GhostableInLibrary" IgnoreIfAlreadyExists="true" Url="images/btn-homepage-blue.png" />
    <File Path="Demo\images\playlist.png" Type="GhostableInLibrary" IgnoreIfAlreadyExists="true" Url="images/playlist.png" />
    <File Path="Demo\images\search.png" Type="GhostableInLibrary" IgnoreIfAlreadyExists="true" Url="images/search.png" />
    <File Path="Demo\images\tertiary-nav-hover.gif" Type="GhostableInLibrary" IgnoreIfAlreadyExists="true" Url="images/tertiary-nav-hover.gif" />
    <File Path="Demo\images\upload.png" Type="GhostableInLibrary" IgnoreIfAlreadyExists="true" Url="images/upload.png" />
    <File Path="Demo\images\Brightcove_3DShapes.png" Type="GhostableInLibrary" IgnoreIfAlreadyExists="true" Url="images/Brightcove_3DShapes.png" />
    <File Path="Demo\images\features-frame-bg.jpg" Type="GhostableInLibrary" IgnoreIfAlreadyExists="true" Url="images/features-frame-bg.jpg" />
    <File Path="Demo\images\brightcove_secondary_3dshapes.png" Type="GhostableInLibrary" IgnoreIfAlreadyExists="true" Url="images/brightcove_secondary_3dshapes.png" />
    <File Path="Demo\images\calendar.gif" Type="GhostableInLibrary" IgnoreIfAlreadyExists="true" Url="images/calendar.gif" />
    <File Path="Demo\images\calendar_icon.jpg" Type="GhostableInLibrary" IgnoreIfAlreadyExists="true" Url="images/calendar_icon.jpg" />
    <File Path="Demo\images\ribbonBG.jpg" Type="GhostableInLibrary" IgnoreIfAlreadyExists="true" Url="images/ribbonBG.jpg" />
    <File Path="Demo\images\secondary-column-bg.gif" Type="GhostableInLibrary" IgnoreIfAlreadyExists="true" Url="images/secondary-column-bg.gif" />
    <File Path="Demo\themes\base\jquery.ui.all.css" Type="GhostableInLibrary" IgnoreIfAlreadyExists="true" Url="themes/base/jquery.ui.all.css" />
    <File Path="Demo\themes\base\jquery.ui.base.css" Type="GhostableInLibrary" IgnoreIfAlreadyExists="true" Url="themes/base/jquery.ui.base.css" />
    <File Path="Demo\themes\base\jquery.ui.core.css" Type="GhostableInLibrary" IgnoreIfAlreadyExists="true" Url="themes/base/jquery.ui.core.css" />
    <File Path="Demo\themes\base\jquery.ui.datepicker.css" Type="GhostableInLibrary" IgnoreIfAlreadyExists="true" Url="themes/base/jquery.ui.datepicker.css" />
    <File Path="Demo\themes\base\jquery.ui.theme.css" Type="GhostableInLibrary" IgnoreIfAlreadyExists="true" Url="themes/base/jquery.ui.theme.css" />
    <File Path="Demo\themes\ui-lightness\jquery-ui-1.8.16.custom.css" Type="GhostableInLibrary" IgnoreIfAlreadyExists="true" Url="themes/ui-lightness/jquery-ui-1.8.16.custom.css" />
    <File Path="Demo\themes\ui-lightness\jquery.ui.all.css" Type="GhostableInLibrary" IgnoreIfAlreadyExists="true" Url="themes/ui-lightness/jquery.ui.all.css" />
    <File Path="Demo\themes\ui-lightness\jquery.ui.base.css" Type="GhostableInLibrary" IgnoreIfAlreadyExists="true" Url="themes/ui-lightness/jquery.ui.base.css" />
    <File Path="Demo\themes\ui-lightness\jquery.ui.core.css" Type="GhostableInLibrary" IgnoreIfAlreadyExists="true" Url="themes/ui-lightness/jquery.ui.core.css" />
    <File Path="Demo\themes\ui-lightness\jquery.ui.datepicker.css" Type="GhostableInLibrary" IgnoreIfAlreadyExists="true" Url="themes/ui-lightness/jquery.ui.datepicker.css" />
    <File Path="Demo\themes\ui-lightness\jquery.ui.theme.css" Type="GhostableInLibrary" IgnoreIfAlreadyExists="true" Url="themes/ui-lightness/jquery.ui.theme.css" />
    <File Path="Demo\ui\jquery-ui-1.8.16.custom.js" Type="GhostableInLibrary" IgnoreIfAlreadyExists="true" Url="ui/jquery-ui-1.8.16.custom.js" />
    <File Path="Demo\ui\jquery.ui.core.js" Type="GhostableInLibrary" IgnoreIfAlreadyExists="true" Url="ui/jquery.ui.core.js" />
    <File Path="Demo\ui\jquery.ui.datepicker.js" Type="GhostableInLibrary" IgnoreIfAlreadyExists="true" Url="ui/jquery.ui.datepicker.js" />
    <File Path="Demo\ui\i18n\jquery-ui-i18n.js" Type="GhostableInLibrary" IgnoreIfAlreadyExists="true" Url="ui/i18n/jquery-ui-i18n.js" />
    <File Path="Demo\ui\i18n\jquery.ui.datepicker-af.js" Type="GhostableInLibrary" IgnoreIfAlreadyExists="true" Url="ui/i18n/jquery.ui.datepicker-af.js" />
    <File Path="Demo\ui\i18n\jquery.ui.datepicker-ar-DZ.js" Type="GhostableInLibrary" IgnoreIfAlreadyExists="true" Url="ui/i18n/jquery.ui.datepicker-ar-DZ.js" />
    <File Path="Demo\ui\i18n\jquery.ui.datepicker-ar.js" Type="GhostableInLibrary" IgnoreIfAlreadyExists="true" Url="ui/i18n/jquery.ui.datepicker-ar.js" />
    <File Path="Demo\ui\i18n\jquery.ui.datepicker-az.js" Type="GhostableInLibrary" IgnoreIfAlreadyExists="true" Url="ui/i18n/jquery.ui.datepicker-az.js" />
    <File Path="Demo\ui\i18n\jquery.ui.datepicker-bg.js" Type="GhostableInLibrary" IgnoreIfAlreadyExists="true" Url="ui/i18n/jquery.ui.datepicker-bg.js" />
    <File Path="Demo\ui\i18n\jquery.ui.datepicker-bs.js" Type="GhostableInLibrary" IgnoreIfAlreadyExists="true" Url="ui/i18n/jquery.ui.datepicker-bs.js" />
    <File Path="Demo\ui\i18n\jquery.ui.datepicker-ca.js" Type="GhostableInLibrary" IgnoreIfAlreadyExists="true" Url="ui/i18n/jquery.ui.datepicker-ca.js" />
    <File Path="Demo\ui\i18n\jquery.ui.datepicker-cs.js" Type="GhostableInLibrary" IgnoreIfAlreadyExists="true" Url="ui/i18n/jquery.ui.datepicker-cs.js" />
    <File Path="Demo\ui\i18n\jquery.ui.datepicker-da.js" Type="GhostableInLibrary" IgnoreIfAlreadyExists="true" Url="ui/i18n/jquery.ui.datepicker-da.js" />
    <File Path="Demo\ui\i18n\jquery.ui.datepicker-de.js" Type="GhostableInLibrary" IgnoreIfAlreadyExists="true" Url="ui/i18n/jquery.ui.datepicker-de.js" />
    <File Path="Demo\ui\i18n\jquery.ui.datepicker-el.js" Type="GhostableInLibrary" IgnoreIfAlreadyExists="true" Url="ui/i18n/jquery.ui.datepicker-el.js" />
    <File Path="Demo\ui\i18n\jquery.ui.datepicker-en-AU.js" Type="GhostableInLibrary" IgnoreIfAlreadyExists="true" Url="ui/i18n/jquery.ui.datepicker-en-AU.js" />
    <File Path="Demo\ui\i18n\jquery.ui.datepicker-en-GB.js" Type="GhostableInLibrary" IgnoreIfAlreadyExists="true" Url="ui/i18n/jquery.ui.datepicker-en-GB.js" />
    <File Path="Demo\ui\i18n\jquery.ui.datepicker-en-NZ.js" Type="GhostableInLibrary" IgnoreIfAlreadyExists="true" Url="ui/i18n/jquery.ui.datepicker-en-NZ.js" />
    <File Path="Demo\ui\i18n\jquery.ui.datepicker-eo.js" Type="GhostableInLibrary" IgnoreIfAlreadyExists="true" Url="ui/i18n/jquery.ui.datepicker-eo.js" />
    <File Path="Demo\ui\i18n\jquery.ui.datepicker-es.js" Type="GhostableInLibrary" IgnoreIfAlreadyExists="true" Url="ui/i18n/jquery.ui.datepicker-es.js" />
    <File Path="Demo\ui\i18n\jquery.ui.datepicker-et.js" Type="GhostableInLibrary" IgnoreIfAlreadyExists="true" Url="ui/i18n/jquery.ui.datepicker-et.js" />
    <File Path="Demo\ui\i18n\jquery.ui.datepicker-eu.js" Type="GhostableInLibrary" IgnoreIfAlreadyExists="true" Url="ui/i18n/jquery.ui.datepicker-eu.js" />
    <File Path="Demo\ui\i18n\jquery.ui.datepicker-fa.js" Type="GhostableInLibrary" IgnoreIfAlreadyExists="true" Url="ui/i18n/jquery.ui.datepicker-fa.js" />
    <File Path="Demo\ui\i18n\jquery.ui.datepicker-fi.js" Type="GhostableInLibrary" IgnoreIfAlreadyExists="true" Url="ui/i18n/jquery.ui.datepicker-fi.js" />
    <File Path="Demo\ui\i18n\jquery.ui.datepicker-fo.js" Type="GhostableInLibrary" IgnoreIfAlreadyExists="true" Url="ui/i18n/jquery.ui.datepicker-fo.js" />
    <File Path="Demo\ui\i18n\jquery.ui.datepicker-fr-CH.js" Type="GhostableInLibrary" IgnoreIfAlreadyExists="true" Url="ui/i18n/jquery.ui.datepicker-fr-CH.js" />
    <File Path="Demo\ui\i18n\jquery.ui.datepicker-fr.js" Type="GhostableInLibrary" IgnoreIfAlreadyExists="true" Url="ui/i18n/jquery.ui.datepicker-fr.js" />
    <File Path="Demo\ui\i18n\jquery.ui.datepicker-gl.js" Type="GhostableInLibrary" IgnoreIfAlreadyExists="true" Url="ui/i18n/jquery.ui.datepicker-gl.js" />
    <File Path="Demo\ui\i18n\jquery.ui.datepicker-he.js" Type="GhostableInLibrary" IgnoreIfAlreadyExists="true" Url="ui/i18n/jquery.ui.datepicker-he.js" />
    <File Path="Demo\ui\i18n\jquery.ui.datepicker-hr.js" Type="GhostableInLibrary" IgnoreIfAlreadyExists="true" Url="ui/i18n/jquery.ui.datepicker-hr.js" />
    <File Path="Demo\ui\i18n\jquery.ui.datepicker-hu.js" Type="GhostableInLibrary" IgnoreIfAlreadyExists="true" Url="ui/i18n/jquery.ui.datepicker-hu.js" />
    <File Path="Demo\ui\i18n\jquery.ui.datepicker-hy.js" Type="GhostableInLibrary" IgnoreIfAlreadyExists="true" Url="ui/i18n/jquery.ui.datepicker-hy.js" />
    <File Path="Demo\ui\i18n\jquery.ui.datepicker-id.js" Type="GhostableInLibrary" IgnoreIfAlreadyExists="true" Url="ui/i18n/jquery.ui.datepicker-id.js" />
    <File Path="Demo\ui\i18n\jquery.ui.datepicker-is.js" Type="GhostableInLibrary" IgnoreIfAlreadyExists="true" Url="ui/i18n/jquery.ui.datepicker-is.js" />
    <File Path="Demo\ui\i18n\jquery.ui.datepicker-it.js" Type="GhostableInLibrary" IgnoreIfAlreadyExists="true" Url="ui/i18n/jquery.ui.datepicker-it.js" />
    <File Path="Demo\ui\i18n\jquery.ui.datepicker-ja.js" Type="GhostableInLibrary" IgnoreIfAlreadyExists="true" Url="ui/i18n/jquery.ui.datepicker-ja.js" />
    <File Path="Demo\ui\i18n\jquery.ui.datepicker-ko.js" Type="GhostableInLibrary" IgnoreIfAlreadyExists="true" Url="ui/i18n/jquery.ui.datepicker-ko.js" />
    <File Path="Demo\ui\i18n\jquery.ui.datepicker-kz.js" Type="GhostableInLibrary" IgnoreIfAlreadyExists="true" Url="ui/i18n/jquery.ui.datepicker-kz.js" />
    <File Path="Demo\ui\i18n\jquery.ui.datepicker-lt.js" Type="GhostableInLibrary" IgnoreIfAlreadyExists="true" Url="ui/i18n/jquery.ui.datepicker-lt.js" />
    <File Path="Demo\ui\i18n\jquery.ui.datepicker-lv.js" Type="GhostableInLibrary" IgnoreIfAlreadyExists="true" Url="ui/i18n/jquery.ui.datepicker-lv.js" />
    <File Path="Demo\ui\i18n\jquery.ui.datepicker-ml.js" Type="GhostableInLibrary" IgnoreIfAlreadyExists="true" Url="ui/i18n/jquery.ui.datepicker-ml.js" />
    <File Path="Demo\ui\i18n\jquery.ui.datepicker-ms.js" Type="GhostableInLibrary" IgnoreIfAlreadyExists="true" Url="ui/i18n/jquery.ui.datepicker-ms.js" />
    <File Path="Demo\ui\i18n\jquery.ui.datepicker-nl.js" Type="GhostableInLibrary" IgnoreIfAlreadyExists="true" Url="ui/i18n/jquery.ui.datepicker-nl.js" />
    <File Path="Demo\ui\i18n\jquery.ui.datepicker-no.js" Type="GhostableInLibrary" IgnoreIfAlreadyExists="true" Url="ui/i18n/jquery.ui.datepicker-no.js" />
    <File Path="Demo\ui\i18n\jquery.ui.datepicker-pl.js" Type="GhostableInLibrary" IgnoreIfAlreadyExists="true" Url="ui/i18n/jquery.ui.datepicker-pl.js" />
    <File Path="Demo\ui\i18n\jquery.ui.datepicker-pt-BR.js" Type="GhostableInLibrary" IgnoreIfAlreadyExists="true" Url="ui/i18n/jquery.ui.datepicker-pt-BR.js" />
    <File Path="Demo\ui\i18n\jquery.ui.datepicker-pt.js" Type="GhostableInLibrary" IgnoreIfAlreadyExists="true" Url="ui/i18n/jquery.ui.datepicker-pt.js" />
    <File Path="Demo\ui\i18n\jquery.ui.datepicker-rm.js" Type="GhostableInLibrary" IgnoreIfAlreadyExists="true" Url="ui/i18n/jquery.ui.datepicker-rm.js" />
    <File Path="Demo\ui\i18n\jquery.ui.datepicker-ro.js" Type="GhostableInLibrary" IgnoreIfAlreadyExists="true" Url="ui/i18n/jquery.ui.datepicker-ro.js" />
    <File Path="Demo\ui\i18n\jquery.ui.datepicker-ru.js" Type="GhostableInLibrary" IgnoreIfAlreadyExists="true" Url="ui/i18n/jquery.ui.datepicker-ru.js" />
    <File Path="Demo\ui\i18n\jquery.ui.datepicker-sk.js" Type="GhostableInLibrary" IgnoreIfAlreadyExists="true" Url="ui/i18n/jquery.ui.datepicker-sk.js" />
    <File Path="Demo\ui\i18n\jquery.ui.datepicker-sl.js" Type="GhostableInLibrary" IgnoreIfAlreadyExists="true" Url="ui/i18n/jquery.ui.datepicker-sl.js" />
    <File Path="Demo\ui\i18n\jquery.ui.datepicker-sq.js" Type="GhostableInLibrary" IgnoreIfAlreadyExists="true" Url="ui/i18n/jquery.ui.datepicker-sq.js" />
    <File Path="Demo\ui\i18n\jquery.ui.datepicker-sr-SR.js" Type="GhostableInLibrary" IgnoreIfAlreadyExists="true" Url="ui/i18n/jquery.ui.datepicker-sr-SR.js" />
    <File Path="Demo\ui\i18n\jquery.ui.datepicker-sr.js" Type="GhostableInLibrary" IgnoreIfAlreadyExists="true" Url="ui/i18n/jquery.ui.datepicker-sr.js" />
    <File Path="Demo\ui\i18n\jquery.ui.datepicker-sv.js" Type="GhostableInLibrary" IgnoreIfAlreadyExists="true" Url="ui/i18n/jquery.ui.datepicker-sv.js" />
    <File Path="Demo\ui\i18n\jquery.ui.datepicker-ta.js" Type="GhostableInLibrary" IgnoreIfAlreadyExists="true" Url="ui/i18n/jquery.ui.datepicker-ta.js" />
    <File Path="Demo\ui\i18n\jquery.ui.datepicker-th.js" Type="GhostableInLibrary" IgnoreIfAlreadyExists="true" Url="ui/i18n/jquery.ui.datepicker-th.js" />
    <File Path="Demo\ui\i18n\jquery.ui.datepicker-tj.js" Type="GhostableInLibrary" IgnoreIfAlreadyExists="true" Url="ui/i18n/jquery.ui.datepicker-tj.js" />
    <File Path="Demo\ui\i18n\jquery.ui.datepicker-tr.js" Type="GhostableInLibrary" IgnoreIfAlreadyExists="true" Url="ui/i18n/jquery.ui.datepicker-tr.js" />
    <File Path="Demo\ui\i18n\jquery.ui.datepicker-uk.js" Type="GhostableInLibrary" IgnoreIfAlreadyExists="true" Url="ui/i18n/jquery.ui.datepicker-uk.js" />
    <File Path="Demo\ui\i18n\jquery.ui.datepicker-vi.js" Type="GhostableInLibrary" IgnoreIfAlreadyExists="true" Url="ui/i18n/jquery.ui.datepicker-vi.js" />
    <File Path="Demo\ui\i18n\jquery.ui.datepicker-zh-CN.js" Type="GhostableInLibrary" IgnoreIfAlreadyExists="true" Url="ui/i18n/jquery.ui.datepicker-zh-CN.js" />
    <File Path="Demo\ui\i18n\jquery.ui.datepicker-zh-HK.js" Type="GhostableInLibrary" IgnoreIfAlreadyExists="true" Url="ui/i18n/jquery.ui.datepicker-zh-HK.js" />
    <File Path="Demo\ui\i18n\jquery.ui.datepicker-zh-TW.js" Type="GhostableInLibrary" IgnoreIfAlreadyExists="true" Url="ui/i18n/jquery.ui.datepicker-zh-TW.js" />
    <File Path="Demo\ui\minified\jquery.ui.core.min.js" Type="GhostableInLibrary" IgnoreIfAlreadyExists="true" Url="ui/minified/jquery.ui.core.min.js" />
    <File Path="Demo\ui\minified\jquery.ui.datepicker.min.js" Type="GhostableInLibrary" IgnoreIfAlreadyExists="true" Url="ui/minified/jquery.ui.datepicker.min.js" />
</Module>
</Elements>
